#,Prospect,Country,Location,Website,Contact/Channel,Research Status,Outreach Status,Reply,Commercial Fit,Key Evidence,Next Action,Last Updated
1,Emergency Plumber London Ltd,UK,London,,,"Research history",Failed/skipped,,Plumbing/heating SMB,Existing prospect - do not duplicate,No further outreach unless new reason,2026-10-04
2,Plumb London,UK,London,,,"Research history",Sent,,Plumbing/heating SMB,Existing prospect - do not duplicate,Track reply/follow-up,2026-10-04
3,Plumbers4U,UK,London,,,"Research history",Sent,,Plumbing/heating SMB,Existing prospect - do not duplicate,Track reply/follow-up,2026-10-04
4,AA Plumbing,UK,London,,,"Research history",Sent,,Plumbing/heating SMB,Existing prospect - do not duplicate,Track reply/follow-up,2026-10-04
5,London Safe Gas,UK,London,,,"Research history",Sent,,Plumbing/heating SMB,Existing prospect - do not duplicate,Track reply/follow-up,2026-10-04
6,ARI Maintenance,UK,London,,,"Research history",Sent,,Plumbing/heating SMB,Existing prospect - do not duplicate,Track reply/follow-up,2026-10-04
7,Ninja Plumbers,UK,London,,,"Research history",Sent,,Plumbing/heating SMB,Existing prospect - do not duplicate,Track reply/follow-up,2026-10-04
8,MML Plumbing Ltd,UK,London,,,"Research history",Sent,,Plumbing/heating SMB,Existing prospect - do not duplicate,Track reply/follow-up,2026-10-04
9,Anderson & Sons,UK,,,"","Research history",Sent,,Plumbing/heating SMB,Existing prospect - do not duplicate,Track reply/follow-up,2026-10-04
10,Plumbed LTD,UK,London,,,"Research history",Failed/skipped,,Plumbing/heating SMB,Existing prospect - do not duplicate,No further outreach unless new reason,2026-10-04
11,Guardsman Plumbers,UK,,https://guardsmangroup.co.uk/,hello@guardsmangroup.co.uk,Research history,Not confirmed,,Plumbing/heating SMB,Existing prospect; outreach was next/not confirmed sent,Confirm outreach status before follow-up,2026-10-04
12,IMAA Plumbing & Heating,UK,London,,imaatplumbing@gmail.com,Research history,Awaiting confirmation,,Plumbing/heating SMB,Existing prospect; outreach draft prepared,Confirm send and then follow up,2026-10-04
13,Curtis and Carder Services Ltd,UK,Bicester Oxfordshire,https://curtisandcarder.co.uk/,Website/quote/WhatsApp,Verified research,Not sent,,High potential,Family-run since 1982; domestic and commercial heating/plumbing; free quotes; WhatsApp; established operations,Research decision-maker and enquiry workflow before outreach,2026-10-04
14,P C Kelly,UK,Rotherham South Yorkshire,https://www.pckelly.co.uk/,headoffice@pckelly.co.uk,Verified research,Not sent,,High potential,Family-run since 1984; 40+ years; 5000+ customers; directly employed engineers; commercial work nationwide; free quote,Research decision-maker and enquiry/admin workflow before outreach,2026-10-04
15,Plumbusters,UK,Larkfield Aylesford Kent,https://plumbusters.co.uk/,hello@plumbusters.co.uk,Verified research,Not sent,,High potential,Family-run 30+ years; commercial and domestic; 24/7 call-outs; service and maintenance contracts; request callback,Research decision-maker and enquiry/admin workflow before outreach,2026-10-04
16,Mansfield Mechanical Ltd,UK,Brighton Sussex,https://www.mansfieldmechanical.co.uk/,Website contact,Verified research,Not sent,,Good potential,Family-run smaller professional team; domestic and commercial; works with schools, educational facilities and healthcare providers,Research decision-maker and enquiry/admin workflow before outreach,2026-10-04
17,Allstar Systems Ltd,UK,Norwich Norfolk,https://www.allstarsystems.co.uk/,Website contact,Verified research,Not sent,,Good potential,Family-run since 2011; domestic and commercial; managed properties; emphasizes communication from first call to final check,Research decision-maker and enquiry/admin workflow before outreach,2026-10-04
